,Unnamed: 0,country_name_short,country_name,party_name_short,party_name_english,party_name,family_name,left_right,liberty_authority,seats,flag
0,0,AUT,Austria,FPO,Freedom Party of Austria,Freiheitliche Partei �sterreichs,Right-wing,8.3494,8.5149,30.0,https://upload.wikimedia.org/wikipedia/commons/thumb/f/fc/Logo_of_Freedom_Party_of_Austria.svg/206px-Logo_of_Freedom_Party_of_Austria.svg.png
1,1,AUT,Austria,Gruene,The Greens -- The Green Alternative,Die Gr�nen � Die Gr�ne Alternative,Green/Ecologist,2.4604,1.4308,26.0,https://upload.wikimedia.org/wikipedia/en/thumb/7/7a/Austrian_Greens_logo_2017.svg/300px-Austrian_Greens_logo_2017.svg.png
2,2,AUT,Austria,NEOS,NEOS -- The New Austria,NEOS � Das Neue �sterreich,Liberal,6.0,3.6,15.0,https://upload.wikimedia.org/wikipedia/commons/thumb/b/bf/150203_NEOS-Logo-positiv-2c.svg/330px-150203_NEOS-Logo-positiv-2c.svg.png
3,3,AUT,Austria,OVP,Austrian People's Party,�sterreichische Volkspartei,Christian democracy,6.4733,7.6198,71.0,https://upload.wikimedia.org/wikipedia/commons/thumb/a/af/Volkspartei_Logo_2018.svg/270px-Volkspartei_Logo_2018.svg.png
4,4,AUT,Austria,SPO,Social Democratic Party of Austria,Sozialdemokratische Partei �sterreichs,Social democracy,3.7293,3.4766,40.0,https://upload.wikimedia.org/wikipedia/commons/thumb/7/75/Logo_SP%C3%96.svg/270px-Logo_SP%C3%96.svg.png
5,5,BEL,Belgium,AGL-Gr,Agalev -- Green,Agalev � Groen,Green/Ecologist,2.5762,1.0234,6.0,https://upload.wikimedia.org/wikipedia/commons/thumb/b/b2/Groen_logo.png/300px-Groen_logo.png
6,7,BEL,Belgium,CVP|CD&V,Flemish Christian Peoples Party | Christian Democrats & Flemish,Christelijke Volkspartij | Christen-Democratisch en Vlaams,Christian democracy,5.7667,7.2083,18.0,https://upload.wikimedia.org/wikipedia/commons/thumb/9/96/Christen-Democratisch_en_Vlaams_Logo.svg/300px-Christen-Democratisch_en_Vlaams_Logo.svg.png
7,8,BEL,Belgium,Ecolo,Confederated ecologists for the organisation of original struggles,�cologistes Conf�d�r�s pour l'organisation de luttes originales,Green/Ecologist,2.641,1.3744,6.0,https://upload.wikimedia.org/wikipedia/commons/thumb/9/97/Ecolo_Logo.svg/375px-Ecolo_Logo.svg.png
8,9,BEL,Belgium,FDF,Francophone Democratic Front,Front D�mocratique des Francophones | D�FI,Liberal,6.1259,5.8,2.0,https://upload.wikimedia.org/wikipedia/en/thumb/1/1a/D%C3%A9FI_logo_2015.png/270px-D%C3%A9FI_logo_2015.png
9,10,BEL,Belgium,MR,Reformist Movement,Mouvement R�formateur,Liberal,6.6889,4.2102,20.0,https://upload.wikimedia.org/wikipedia/commons/thumb/5/5a/Logo_of_the_Mouvement_R%C3%A9formateur.png/375px-Logo_of_the_Mouvement_R%C3%A9formateur.png
10,11,BEL,Belgium,N-VA,New Flemish Alliance,Nieuw-Vlaamse Alliantie,Conservative,6.5321,6.06,33.0,https://upload.wikimedia.org/wikipedia/commons/thumb/1/1d/N-VA_logo.svg/270px-N-VA_logo.svg.png
11,12,BEL,Belgium,PA-PTB,Workers' Party of Belgium,Partij van de Arbeid � Parti du Travail de Belgique,Communist/Socialist,1.3,3.0,2.0,https://upload.wikimedia.org/wikipedia/commons/thumb/1/1b/PTB-PVDA_logo_%282018%E2%80%93present%29.svg/405px-PTB-PVDA_logo_%282018%E2%80%93present%29.svg.png
12,13,BEL,Belgium,PS,Socialist Party [Francophone],Parti Socialiste,Social democracy,2.9307,3.1712,23.0,https://upload.wikimedia.org/wikipedia/commons/thumb/4/47/Socialist_Party_%28Belgium%29_logo.svg/270px-Socialist_Party_%28Belgium%29_logo.svg.png
13,14,BEL,Belgium,PSC-CDH,Francophone Christian Social Party -- Humanist Democratic Centre,Parti Social Chr�tien � Centre Democrate Humaniste,Christian democracy,5.4974,6.6409,9.0,https://upload.wikimedia.org/wikipedia/commons/thumb/1/1f/Centre_D%C3%A9mocrate_Humaniste_Logo.svg/270px-Centre_D%C3%A9mocrate_Humaniste_Logo.svg.png
14,15,BEL,Belgium,PVV|VLD,Party of Liberty and Progress | Flemish Liberals and Democrats,Partij voor Vrijheid en Vooruitgang | Vlaamse Liberalen en Democraten,Liberal,7.0053,3.7139,14.0,https://upload.wikimedia.org/wikipedia/commons/thumb/7/71/Open_VLD.svg/300px-Open_VLD.svg.png
15,16,BEL,Belgium,Pp,People's Party,Parti populaire,Conservative,7.4,7.0,1.0,https://upload.wikimedia.org/wikipedia/en/thumb/3/3b/People%27s_Party_of_Belgium_logo.png/270px-People%27s_Party_of_Belgium_logo.png
16,17,BEL,Belgium,SPa+Spi,Socialist Party Different / Social Liberal Party,Socialistische Partij Anders / Sociaal-Liberale Partij,Social democracy,3.255,3.0805,13.0,https://upload.wikimedia.org/wikipedia/en/5/53/Logo_spirit.png
17,19,BEL,Belgium,VB,Flemish Block,Vlaams Blok,Right-wing,9.6622,9.5234,3.0,https://upload.wikimedia.org/wikipedia/en/d/dd/Vivant_Belgium_party_logo.png
18,20,BGR,Bulgaria,Ataka,Attack,Ataka,Right-wing,5.46,9.17,6.0,https://upload.wikimedia.org/wikipedia/en/thumb/a/a3/Ataka_logo_transparent.png/270px-Ataka_logo_transparent.png
19,21,BGR,Bulgaria,BSP,Bulgarian Socialist Party,Balgarska Sotsialisticheska Partiya,Social democracy,3.0064,4.5029,63.0,https://upload.wikimedia.org/wikipedia/commons/thumb/d/d3/Logo_of_the_Bulgarian_Socialist_Party.svg/225px-Logo_of_the_Bulgarian_Socialist_Party.svg.png
20,22,BGR,Bulgaria,GERB,Citizens for European Development of Bulgaria,Grazhdani za Evropeysko Razvitie na Balgariya,Conservative,7.4,7.0,95.0,https://upload.wikimedia.org/wikipedia/commons/thumb/1/1b/Logo_GERB_PP.png/270px-Logo_GERB_PP.png
21,23,BGR,Bulgaria,KPB,Communist Party of Bulgaria,Komunisticheska Partiya na Balgariya,Communist/Socialist,0.3684,7.8289,1.0,https://upload.wikimedia.org/wikipedia/en/7/78/Logo_of_the_Communist_Party_of_Bulgaria.png
22,24,BGR,Bulgaria,NFSB,National Front for the Salvation of Bulgaria,Natsionalen Front za Spasenie na Balgariya,Right-wing,8.8,8.5,9.0,https://upload.wikimedia.org/wikipedia/commons/thumb/0/0f/NFSB_Bulgaria_Logo.png/270px-NFSB_Bulgaria_Logo.png
23,25,BGR,Bulgaria,PBSD,Party of Bulgarian Social Democrats,Partiya Balgarski Sotsialdemokrati,Social democracy,3.7778,3.4211,1.0,https://upload.wikimedia.org/wikipedia/en/thumb/1/1a/Red_Rose_%28Socialism%29.svg/188px-Red_Rose_%28Socialism%29.svg.png
24,26,BGR,Bulgaria,VMRO,IMRO -- Bulgarian National Movement,VMRO � Balgarsko Natsionalno Dvizhenie,Right-wing,8.8,8.5,12.0,https://upload.wikimedia.org/wikipedia/commons/thumb/b/bc/BMPO_Coat_of_arms.png/330px-BMPO_Coat_of_arms.png
25,27,BGR,Bulgaria,Volya,Will,Volya,Liberal,6.0,3.6,12.0,https://upload.wikimedia.org/wikipedia/commons/thumb/4/4d/Volya_text_logo.svg/270px-Volya_text_logo.svg.png
26,28,CYP,Cyprus,AKEL,Progressive Party of Working People,Anorthotik� K�mma Ergaz�menou Lao�,Communist/Socialist,1.0526,6.1842,16.0,https://upload.wikimedia.org/wikipedia/en/thumb/6/65/AKEL_Logo.png/270px-AKEL_Logo.png
27,29,CYP,Cyprus,DIKO,Democratic Party,Dimokratik� K�mma,Conservative,5.1316,6.0526,7.0,https://upload.wikimedia.org/wikipedia/en/e/eb/HDSS_logo.png
28,30,CYP,Cyprus,DISY,Democratic Rally,Dimokratik�s Sinayerm�s,Conservative,8.6842,5.0,18.0,https://upload.wikimedia.org/wikipedia/commons/thumb/5/54/HDZ_logo.svg/150px-HDZ_logo.svg.png
29,31,CYP,Cyprus,EDEK,Movement for Social Democracy EDEK,Kinima Sosialdimokraton EDEK,Social democracy,3.2895,5.9211,3.0,https://upload.wikimedia.org/wikipedia/en/0/0d/HSLS_logo.png
30,32,CYP,Cyprus,ELAM,National Popular Front,Ethniko Laiko Metopo,Right-wing,8.8,8.5,2.0,https://upload.wikimedia.org/wikipedia/en/thumb/7/78/ELAM_%28Cyprus%29_Logo.png/300px-ELAM_%28Cyprus%29_Logo.png
31,33,CYP,Cyprus,KOP,Ecological and Environmental Movement,Kinima Oikologoi Perivallontistoi,Green/Ecologist,5.7895,5.7895,2.0,https://upload.wikimedia.org/wikipedia/en/9/99/Bridge_of_Independent_Lists.png
32,34,CZE,Czech Republic,ANO,Year 2011,Ano 2011,Populist,4.0,6.0,1.0,https://upload.wikimedia.org/wikipedia/en/a/a6/Odr%C5%BEivi_razvoj_Hrvatske_%28logo%29.png
33,35,CZE,Czech Republic,ODS,Civil Democratic Party,Civic Democratic Party,Liberal Conservative,7.0,4.5,1.0,https://upload.wikimedia.org/wikipedia/commons/thumb/0/09/Independent_Democratic_Serb_Party_logo_2020.svg/225px-Independent_Democratic_Serb_Party_logo_2020.svg.png
34,36,CZE,Czech Republic,Piráti,Czech Pirate Party,Czech Pirate Party,Liberal,4.0,4.0,1.0,https://upload.wikimedia.org/wikipedia/commons/thumb/8/80/Socijaldemokratska_Partija_Hrvatske_Logo.svg/270px-Socijaldemokratska_Partija_Hrvatske_Logo.svg.png
35,37,CZE,Czech Republic,KSCM,Communist Party of Bohemia and Moravia,Communist Party of Bohemia and Moravia,Communist,1.0,9.0,1.0,https://upload.wikimedia.org/wikipedia/commons/2/2e/Mozemo%21_transparent_.png
36,38,CZE,Czech Republic,CSSD,Czech Social Democratic Party,Czech Social Democratic Party,Social Democracy,3.0,6.0,1.0,https://upload.wikimedia.org/wikipedia/en/thumb/6/65/AKEL_Logo.png/270px-AKEL_Logo.png
37,39,CZE,Czech Republic,KDU-ČSL,Christian and Democratic Union,Christian and Democratic Union,Christian Democracy,5.0,6.0,1.0,https://upload.wikimedia.org/wikipedia/en/thumb/1/1f/Dimokratik%C3%B3_K%C3%B3mma_%28logo%29.png/270px-Dimokratik%C3%B3_K%C3%B3mma_%28logo%29.png
38,40,CZE,Czech Republic,TOP,TOP 09,TOP 09,Liberal Conservative,6.0,6.0,1.0,https://upload.wikimedia.org/wikipedia/en/thumb/b/b6/Logo_of_the_Democratic_Rally_%28Cyprus%29.svg/338px-Logo_of_the_Democratic_Rally_%28Cyprus%29.svg.png
39,41,CZE,Czech Republic,STAN,Mayors and Independents,Mayors and Independents,Liberal,6.0,5.0,1.0,https://upload.wikimedia.org/wikipedia/commons/thumb/1/1a/STANlogoNoveWiki.png/270px-STANlogoNoveWiki.png
40,42,DEU,Germany,AfD,Alternative for Germany,Alternative f�r Deutschland,Right-wing,8.8,8.5,88.0,https://upload.wikimedia.org/wikipedia/en/thumb/7/78/ELAM_%28Cyprus%29_Logo.png/300px-ELAM_%28Cyprus%29_Logo.png
41,43,DEU,Germany,B90/Gr,Alliance 90 / Greens -- Citizens' Movement,B�ndnis 90 / Gr�ne � B�rgerInnenbewegung,Green/Ecologist,2.5,1.8,67.0,https://upload.wikimedia.org/wikipedia/en/thumb/6/67/Movement_of_Ecologists_-_Citizens%27_Cooperation.png/383px-Movement_of_Ecologists_-_Citizens%27_Cooperation.png
42,44,DEU,Germany,CDU,Christian Democratic Union,Christlich Demokratische Union,Christian democracy,6.2503,6.9333,200.0,https://upload.wikimedia.org/wikipedia/commons/thumb/9/92/ANO_Logo.svg/300px-ANO_Logo.svg.png
43,45,DEU,Germany,CSU,Christian Social Union,Christlich Soziale Union,Christian democracy,7.2871,7.8675,46.0,https://upload.wikimedia.org/wikipedia/commons/thumb/0/05/Logo_of_ODS_inverse_version.svg/315px-Logo_of_ODS_inverse_version.svg.png
44,46,DEU,Germany,FDP,Free Democratic Party,Freie Demokratische Partei,Liberal,5.9233,3.0695,80.0,https://upload.wikimedia.org/wikipedia/commons/thumb/f/fd/Czech_Pirate_Party_logo_2017.svg/345px-Czech_Pirate_Party_logo_2017.svg.png
45,49,DEU,Germany,PDS|Li,PDS | The Left,PDS | Die Linke,Communist/Socialist,1.2152,3.205,69.0,https://upload.wikimedia.org/wikipedia/commons/thumb/5/5a/KDU-CSL_Logo_2012.svg/248px-KDU-CSL_Logo_2012.svg.png
46,50,DEU,Germany,SPD,Social Democratic Party of Germany,Sozialdemokratische Partei Deutschlands,Social democracy,3.6451,3.9791,152.0,https://upload.wikimedia.org/wikipedia/commons/thumb/1/11/TOP_09_logo.svg/270px-TOP_09_logo.svg.png
47,51,DNK,Denmark,A,The Alternative,Alternativet,Green/Ecologist,2.5,1.8,5.0,https://upload.wikimedia.org/wikipedia/commons/thumb/1/1a/STANlogoNoveWiki.png/270px-STANlogoNoveWiki.png
48,53,DNK,Denmark,DF,Danish Peoples Party,Dansk Folkeparti,Right-wing,8.2269,7.8954,16.0,https://upload.wikimedia.org/wikipedia/commons/thumb/3/38/Logo_Centre_Democrats_%28Denmark%29.svg/270px-Logo_Centre_Democrats_%28Denmark%29.svg.png
49,55,DNK,Denmark,En-O,Red-Green Alliance,Enhedslisten � De R�d-Gr�nne,Communist/Socialist,0.8912,1.7524,13.0,https://dksamling.dk/Managed/Teasers/DS%20logo%20profil_10_10_1.png
50,56,DNK,Denmark,KF,Conservatives,Konservative,Conservative,7.2186,6.5055,12.0,https://upload.wikimedia.org/wikipedia/commons/thumb/b/b7/Enhedslisten_logo_%282017%E2%80%93present%29.svg/375px-Enhedslisten_logo_%282017%E2%80%93present%29.svg.png
51,57,DNK,Denmark,NB,The New Right,Nye Borgerlige,Right-wing,8.8,8.5,4.0,https://upload.wikimedia.org/wikipedia/commons/thumb/2/25/Det_Konservative_Folkepartis_logo.svg/338px-Det_Konservative_Folkepartis_logo.svg.png
52,58,DNK,Denmark,RV,Danish Social Liberal Party,Det Radikale Venstre,Liberal,4.8736,2.3903,16.0,https://upload.wikimedia.org/wikipedia/commons/thumb/6/67/Logo_of_the_New_Right_%28Denmark%29.svg/330px-Logo_of_the_New_Right_%28Denmark%29.svg.png
53,59,DNK,Denmark,SF,Socialist Peoples Party,Socialistisk Folkeparti,Green/Ecologist,2.1347,2.1476,14.0,https://upload.wikimedia.org/wikipedia/commons/thumb/9/90/Logo_of_the_Danish_Social_Liberal_Party.svg/375px-Logo_of_the_Danish_Social_Liberal_Party.svg.png
54,60,DNK,Denmark,Sd,Social Democrats,Socialdemokraterne,Social democracy,3.8011,4.2722,48.0,https://upload.wikimedia.org/wikipedia/commons/thumb/b/bc/SF_-_Socialistiske_Folkeparti.svg/270px-SF_-_Socialistiske_Folkeparti.svg.png
55,61,DNK,Denmark,V,Liberal Party,Venstre,Liberal,7.292,4.9957,43.0,https://upload.wikimedia.org/wikipedia/en/thumb/0/0f/Social_Democrats_%28Denmark%29_logo.svg/375px-Social_Democrats_%28Denmark%29_logo.svg.png
56,62,ESP,Spain,AP-P,People's Alliance-Party,Alianza-Partido Popular,Conservative,7.5969,7.8127,89.0,https://upload.wikimedia.org/wikipedia/commons/thumb/d/df/Venstre_logo_%282019%E2%80%93present%29.svg/375px-Venstre_logo_%282019%E2%80%93present%29.svg.png
57,63,ESP,Spain,CC,Canary Coalition,Coalici�n Canaria,Special issue,5.9789,5.7694,2.0,https://upload.wikimedia.org/wikipedia/commons/thumb/c/c7/Alianza_Popular_%28logo%2C_1983-89%29.svg/300px-Alianza_Popular_%28logo%2C_1983-89%29.svg.png
58,64,ESP,Spain,CDC|JxCat,Democratic Convergence | Together for Catalonia,Converg�ncia Democr�tica | Junts per Catalunya,Conservative,7.4,7.0,8.0,https://upload.wikimedia.org/wikipedia/commons/thumb/1/1c/Coalici%C3%B3n_Canaria.svg/255px-Coalici%C3%B3n_Canaria.svg.png
59,65,ESP,Spain,Cs,Citizens -- Party of the Citizenry,Ciudadanos � Partido de la Ciudadan�a,Liberal,6.0,3.6,10.0,https://upload.wikimedia.org/wikipedia/commons/thumb/b/b9/Logo_CDC_2015.png/225px-Logo_CDC_2015.png
60,66,ESP,Spain,C|AV,Compromise | A la valenciana,Comprom�s | A la valenciana,Communist/Socialist,1.3,3.0,1.0,https://upload.wikimedia.org/wikipedia/commons/thumb/d/dc/Ciudadanos_logo_2017.svg/500px-Ciudadanos_logo_2017.svg.png
61,68,ESP,Spain,ERC,Republican Left of Catalonia,Esquerra Republicana de Catalunya,Special issue,3.1072,2.7325,13.0,https://upload.wikimedia.org/wikipedia/commons/thumb/1/1a/EHB.png/270px-EHB.png
62,69,ESP,Spain,NA+,Sum Navarre,Navarra Suma,Conservative,7.4,7.0,2.0,https://upload.wikimedia.org/wikipedia/commons/thumb/b/bd/ERC_logo_2017.svg/375px-ERC_logo_2017.svg.png
63,71,ESP,Spain,PNV,Basque Nationalist Party,Partido Nacionalista Vasco � Euzko Alderdi Jeltzalea,Christian democracy,6.2144,6.5139,6.0,https://upload.wikimedia.org/wikipedia/commons/thumb/d/d1/PACMA_logo.svg/375px-PACMA_logo.svg.png
64,72,ESP,Spain,PSOE,Spanish Socialist Workers Party,Partido Socialista Obrero Espa�ol,Social democracy,3.7377,3.0399,120.0,https://upload.wikimedia.org/wikipedia/commons/thumb/5/54/EAJ-PNV.png/270px-EAJ-PNV.png
65,73,ESP,Spain,UP,United We Can,Unidas Podemos,Communist/Socialist,1.3,3.0,35.0,https://upload.wikimedia.org/wikipedia/commons/thumb/4/41/Logotipo_del_PSOE.svg/240px-Logotipo_del_PSOE.svg.png
66,74,ESP,Spain,Vox,Voice,Vox,Right-wing,8.8,8.5,52.0,https://upload.wikimedia.org/wikipedia/commons/thumb/4/44/Logo_Unidas_Podemos.svg/413px-Logo_Unidas_Podemos.svg.png
67,75,EST,Estonia,EK,Estonian Centre Party,Eesti Keskerakond,Social democracy,3.9562,4.9947,26.0,https://upload.wikimedia.org/wikipedia/commons/thumb/a/aa/VOX_logo.svg/225px-VOX_logo.svg.png
68,76,EST,Estonia,ERa/EKR,People's Union of Estonia / Conservative People's Party,Eestimaa Rahvalliit / Eesti Konservatiivne Rahvaerakond,Conservative,4.5812,6.9474,19.0,https://upload.wikimedia.org/wikipedia/commons/thumb/f/f3/Eesti_Keskerakond_Teillogo.svg/195px-Eesti_Keskerakond_Teillogo.svg.png
69,77,EST,Estonia,ERe,Estonian Reform Party,Eesti Reformierakond,Liberal,7.8969,5.2737,34.0,https://upload.wikimedia.org/wikipedia/commons/thumb/0/0c/EKRE_logo.png/210px-EKRE_logo.png
70,78,EST,Estonia,I,Pro Patria Union,Isamaaliit,Conservative,7.6169,7.3789,12.0,https://upload.wikimedia.org/wikipedia/en/thumb/f/f2/Estonian_Reform_Party_logo_2019.svg/270px-Estonian_Reform_Party_logo_2019.svg.png
71,79,EST,Estonia,SDE|M,Social Democratic Party | Moderates,Sotsiaaldemokraatlik Erakond | M��dukad,Social democracy,4.1915,3.1737,10.0,https://upload.wikimedia.org/wikipedia/en/4/4c/Isamaaliit.png
72,80,FIN,Finland,DL|VAS,Democratic Union | Left Alliance,Demokraattinen Liitto � Demokratiska F�rbundet | Vasemmistoliitto � V�nsterf�rbundet ,Communist/Socialist,2.1843,3.3406,16.0,https://upload.wikimedia.org/wikipedia/en/thumb/0/08/Estonian_Social_Democratic_Party_logo.png/270px-Estonian_Social_Democratic_Party_logo.png
73,81,FIN,Finland,KD,Christian Democrats,Kristillisdemokraatit � Kristdemokraterna,Christian democracy,7.1884,8.3076,5.0,https://upload.wikimedia.org/wikipedia/commons/thumb/f/f9/Logo_of_Left_Alliance%2C_Finland.svg/300px-Logo_of_Left_Alliance%2C_Finland.svg.png
74,82,FIN,Finland,KESK,Centre Party,Keskusta,Agrarian,5.8027,7.2203,31.0,https://upload.wikimedia.org/wikipedia/en/thumb/f/fb/Kristillisdemokraatit.logo.png/300px-Kristillisdemokraatit.logo.png
75,83,FIN,Finland,KOK,National Coalition Party,Kansallinen Kokoomus � Samlingspartiet,Conservative,7.2451,5.5872,38.0,https://upload.wikimedia.org/wikipedia/en/thumb/f/f6/Logo_of_the_Centre_Party_%28Finland%29.svg/375px-Logo_of_the_Centre_Party_%28Finland%29.svg.png
76,84,FIN,Finland,LN,Movement Now,Liike Nyt,Liberal,6.0,3.6,1.0,https://upload.wikimedia.org/wikipedia/en/thumb/3/3f/National_Coalition_Party_logo.png/338px-National_Coalition_Party_logo.png
77,85,FIN,Finland,RKP-SFP,Swedish People's Party,Ruotsalainen Kansanpuolue � Svenska Folkepartiet i Finland,Liberal,6.3906,3.8385,9.0,https://upload.wikimedia.org/wikipedia/en/thumb/9/92/Liike_Nyt_logo.svg/270px-Liike_Nyt_logo.svg.png
78,86,FIN,Finland,SP|P,Finnish Party | True Finns,Suomen Puolue | Perussuomalaiset,Agrarian,6.6331,7.999,39.0,https://upload.wikimedia.org/wikipedia/en/thumb/a/a2/Swedish_People%27s_Party_of_Finland_logo.svg/345px-Swedish_People%27s_Party_of_Finland_logo.svg.png
79,87,FIN,Finland,SSDP,Social Democratic Party of Finland,Suomen Sosialidemokraattinen Puolue � Finlands Socialdemokratiska Parti,Social democracy,3.5595,4.2417,40.0,https://upload.wikimedia.org/wikipedia/en/0/02/Perussuomalaiset_logo.png
80,88,FIN,Finland,VIHR,Green League,Vihre� Liitto � Gr�na F�rbundet,Green/Ecologist,3.6465,2.2671,20.0,https://upload.wikimedia.org/wikipedia/en/thumb/1/1b/Social_Democratic_Party_of_Finland_logo.svg/270px-Social_Democratic_Party_of_Finland_logo.svg.png
81,90,FRA,France,DLR|DLF,Republic Arise | France Arise,Debout la r�publique | Debout la France,Conservative,7.4,7.0,1.0,https://upload.wikimedia.org/wikipedia/commons/thumb/2/2c/Alliance_Centriste_logo.png/270px-Alliance_Centriste_logo.png
82,91,FRA,France,FI,Unbowed France,La France Insoumise,Communist/Socialist,1.3,3.0,17.0,https://upload.wikimedia.org/wikipedia/en/6/6d/Debout_la_France_2017_logo.png
83,92,FRA,France,FN,National Front,Front national,Right-wing,9.6854,9.2889,8.0,https://upload.wikimedia.org/wikipedia/commons/thumb/3/3a/Logo_France_Insoumise.svg/270px-Logo_France_Insoumise.svg.png
84,96,FRA,France,PCF,French Communist Party,Parti communiste fran�aise,Communist/Socialist,1.3741,4.5083,10.0,https://upload.wikimedia.org/wikipedia/en/thumb/7/7b/The_Centrists_France_logo_2016.png/270px-The_Centrists_France_logo_2016.png
85,97,FRA,France,PRG,Radical Party of the Left,Parti radical de gauche,Social democracy,4.0813,4.2381,3.0,https://upload.wikimedia.org/wikipedia/commons/thumb/9/9d/Logo_%E2%80%93_Parti_communiste_fran%C3%A7ais_%282018%29.svg/270px-Logo_%E2%80%93_Parti_communiste_fran%C3%A7ais_%282018%29.svg.png
86,98,FRA,France,PS,Socialist Party,Parti socialiste,Social democracy,3.2493,2.9367,30.0,https://upload.wikimedia.org/wikipedia/fr/1/12/Logotype_PRG_Le_centre_gauche.png
87,99,FRA,France,REM,The Republic Onwards!,La R�publique En Marche!,Liberal,6.0,3.6,308.0,https://upload.wikimedia.org/wikipedia/en/thumb/4/4f/Parti_socialiste.svg/270px-Parti_socialiste.svg.png
88,101,FRA,France,UDF|MD,Union for French Democracy | Democratic Movement,Union pour la d�mocratie fran�aise | Mouvement d�mocrate,Conservative,6.1017,5.4999,42.0,https://upload.wikimedia.org/wikipedia/commons/thumb/b/b7/Logo-LREM-noir.svg/375px-Logo-LREM-noir.svg.png
89,102,FRA,France,UDI,Union of Democrats and Independents,Union des d�mocrates et ind�pendants,Conservative,7.4,7.0,18.0,https://upload.wikimedia.org/wikipedia/commons/thumb/9/96/MoDem_logo_2019.svg/300px-MoDem_logo_2019.svg.png
90,103,FRA,France,UMP|LR,Union for a Popular Movement | The Republicans,Union pour un mouvement populaire | Les R�publicains,Conservative,7.4997,7.1854,112.0,https://upload.wikimedia.org/wikipedia/commons/thumb/6/60/Logo_UDI_2019.png/300px-Logo_UDI_2019.png
91,104,FRA,France,droite,other right,divers droite,Conservative,7.6583,9.0,6.0,https://upload.wikimedia.org/wikipedia/commons/thumb/b/b8/LesR%C3%A9publicains15logo.svg/300px-LesR%C3%A9publicains15logo.svg.png
92,105,FRA,France,gauche,other left,divers gauche,Social democracy,3.3,3.5,12.0,https://upload.wikimedia.org/wikipedia/commons/thumb/3/36/Arms_of_the_French_Republic.svg/1200px-Arms_of_the_French_Republic.svg.png
93,106,GRC,Greece,EL,Greek Solution,Elliniki Lisi,Conservative,7.4,7.0,10.0,https://upload.wikimedia.org/wikipedia/commons/thumb/7/7d/Nouveau_logotype_PG.svg/langfr-280px-Nouveau_logotype_PG.svg.png
94,107,GRC,Greece,KEE(I),Communist Party of Greece (Interior),Kommunistikon Komma Ellados Esoterikou,Communist/Socialist,1.3,3.0,15.0,https://upload.wikimedia.org/wikipedia/commons/thumb/4/48/AfD-Logo-2017.svg/300px-AfD-Logo-2017.svg.png
95,109,GRC,Greece,MR25,European Realistic Disobedience Front [MeRa25],European Realistic Disobedience Front [MeRa25],Communist/Socialist,1.3,3.0,9.0,https://upload.wikimedia.org/wikipedia/commons/thumb/6/6e/Cdu-logo.svg/345px-Cdu-logo.svg.png
96,110,GRC,Greece,ND,New Democracy,N�a ?imokrat�a,Christian democracy,6.7365,6.6712,158.0,https://upload.wikimedia.org/wikipedia/commons/thumb/e/ee/CSU_Logo_since_2016.svg/375px-CSU_Logo_since_2016.svg.png
97,111,GRC,Greece,PASOK,Movement for Change,Panellinio Sosialistik� K�nima,Social democracy,4.4968,3.6025,22.0,https://upload.wikimedia.org/wikipedia/commons/thumb/e/e2/Logo_der_Freien_Demokraten.svg/270px-Logo_der_Freien_Demokraten.svg.png
98,112,GRC,Greece,SYRIZA,Coalition of the Radical Left,Synaspism�s Rizospastik�s Arister�s,Communist/Socialist,2.8947,2.0066,86.0,https://upload.wikimedia.org/wikipedia/commons/thumb/3/3e/OEDP_Logo_CMYK.svg/300px-OEDP_Logo_CMYK.svg.png
99,113,HRV,Croatia,HB,Croatian Bloc,Hrvatski blok,Right-wing,9.386,7.6842,1.0,https://upload.wikimedia.org/wikipedia/commons/thumb/7/74/PARTEI_Logo.svg/270px-PARTEI_Logo.svg.png
100,114,HRV,Croatia,HDSS,Croatian Democratic Peasant Party,Hrvatska demokratska selja?ka stranka,Agrarian,5.3,6.5,2.0,https://upload.wikimedia.org/wikipedia/commons/thumb/4/45/Die_Linke_logo.svg/375px-Die_Linke_logo.svg.png
101,115,HRV,Croatia,HDZ,Croatian Democratic Union,Hrvatska demokratska zajednica,Christian democracy,7.1053,6.9298,62.0,https://upload.wikimedia.org/wikipedia/commons/thumb/2/2d/Sozialdemokratische_Partei_Deutschlands%2C_Logo_um_2000.svg/270px-Sozialdemokratische_Partei_Deutschlands%2C_Logo_um_2000.svg.png
102,116,HRV,Croatia,HSLS,Croatian Social Liberal Party,Hrvatska socijalno liberalna stranka,Liberal,7.193,5.5263,2.0,https://upload.wikimedia.org/wikipedia/en/7/75/Greek_Solution_Logo.png
103,117,HRV,Croatia,IDS,Istrian Democratic Assembly,Istarski demokratski sabor,Liberal,3.4211,2.5439,3.0,https://upload.wikimedia.org/wikipedia/en/thumb/9/9b/Istrian_Democratic_Assembly.png/270px-Istrian_Democratic_Assembly.png
104,118,HRV,Croatia,Most,Bridge of Independent Lists,Most nezavisnih lista,Conservative,7.4,7.0,8.0,https://upload.wikimedia.org/wikipedia/en/9/99/Bridge_of_Independent_Lists.png
105,120,HRV,Croatia,SDSS, Independent Democratic Serb Party,Samostalna demokratska srpska stranka,Social democracy,3.3,3.5,3.0,https://upload.wikimedia.org/wikipedia/commons/thumb/5/54/New_Democracy_Logo_2018.png/270px-New_Democracy_Logo_2018.png
106,121,HRV,Croatia,SPH,Social Democratic Party of Croatia,Socijaldemokratska partija Hrvatske,Social democracy,3.2456,2.3684,32.0,https://upload.wikimedia.org/wikipedia/commons/thumb/b/b9/Panellinio_Sosialistiko_Kinima_Logo.svg/270px-Panellinio_Sosialistiko_Kinima_Logo.svg.png
107,122,HRV,Croatia,ZZ,Greens Together,Zeleni Zajedno,Green/Ecologist,2.5,1.8,4.0,https://upload.wikimedia.org/wikipedia/commons/thumb/b/b4/SYRIZA_logo_2020.svg/330px-SYRIZA_logo_2020.svg.png
108,123,HUN,Hungary,DK,Democratic Coalition,Demokratikus Koal�ci�,Social democracy,3.3,3.5,9.0,https://upload.wikimedia.org/wikipedia/commons/thumb/2/20/Logo_of_the_Democratic_Coalition_%28Hungary%29.svg/270px-Logo_of_the_Democratic_Coalition_%28Hungary%29.svg.png
109,124,HUN,Hungary,Fi+KDNP,Fidesz -- Hungarian Civic Party / Christian Democratic People's Party,Fidesz � Magyar Polg�ri Sz�vets�g / Kereszt�nydemokrata N�pp�rt,Conservative,6.5432,7.5275,133.0,https://upload.wikimedia.org/wikipedia/commons/thumb/0/0c/KDNP.png/180px-KDNP.png
110,126,HUN,Hungary,Jobbik,Jobbik Movement for a Better Hungary,Jobbik Magyarorsz�g�rt Mozgalom,Right-wing,8.8,8.5,26.0,https://upload.wikimedia.org/wikipedia/commons/thumb/1/10/Jobbik_logo_with_text.svg/270px-Jobbik_logo_with_text.svg.png
111,128,HUN,Hungary,LMP,Politics Can Be Different,Lehet M�s a Politika,Green/Ecologist,2.5,1.8,8.0,https://upload.wikimedia.org/wikipedia/commons/thumb/4/42/Lehet_M%C3%A1s_a_Politika_log%C3%B3.svg/300px-Lehet_M%C3%A1s_a_Politika_log%C3%B3.svg.png
112,130,HUN,Hungary,MSZP,Hungarian Socialist Party,Magyar Szocialista P�rt,Social democracy,2.8743,3.5897,20.0,https://upload.wikimedia.org/wikipedia/commons/thumb/6/6c/Flag_of_the_Hungarian_Socialist_Party.svg/300px-Flag_of_the_Hungarian_Socialist_Party.svg.png
113,132,IRL,Ireland,A,Aontu,Aont�,Conservative,7.4,7.0,1.0,https://upload.wikimedia.org/wikipedia/en/7/77/Aont%C3%BA_logo.png
114,133,IRL,Ireland,D-PRB,Solidarity -- People Before Profit,Dl�thphart�ocht � Pobal Roimh Bhrab�s,Communist/Socialist,1.3,3.0,5.0,https://europeelects.eu/wp-content/uploads/2020/11/People_before_Profit_logo.png
115,134,IRL,Ireland,DS,Social Democrats ,Daonlathaigh Sh�isialta,Social democracy,3.3,3.5,6.0,https://upload.wikimedia.org/wikipedia/commons/thumb/d/d8/Social_Democrats_%28Ireland%29_logo.svg/375px-Social_Democrats_%28Ireland%29_logo.svg.png
116,135,IRL,Ireland,FF,Fianna Fail,Fianna F�il,Conservative,6.0713,6.9898,37.0,https://upload.wikimedia.org/wikipedia/commons/thumb/7/79/Logo_of_the_Fianna_F%C3%A1il.png/225px-Logo_of_the_Fianna_F%C3%A1il.png
117,136,IRL,Ireland,FG,Fine Gael (Familiy of the Irish),Fine Gael,Christian democracy,6.4372,5.787,35.0,https://upload.wikimedia.org/wikipedia/en/thumb/d/d9/Fine_Gael_logo_2009.svg/375px-Fine_Gael_logo_2009.svg.png
118,137,IRL,Ireland,Green,Green Party,Green Party  � Comhaontas Glas,Green/Ecologist,2.435,2.1754,12.0,https://upload.wikimedia.org/wikipedia/commons/thumb/f/f5/Green_Party_%28Ireland%29_logo.svg/225px-Green_Party_%28Ireland%29_logo.svg.png
119,138,IRL,Ireland,IC,Independents 4 Change,Independents 4 Change,Communist/Socialist,1.3,3.0,1.0,https://upload.wikimedia.org/wikipedia/en/3/32/Independents_4_Change_logo.png
120,139,IRL,Ireland,Lab,Labour Party,Labour Party,Social democracy,3.6252,3.1071,6.0,https://upload.wikimedia.org/wikipedia/en/thumb/e/e7/Labour_Party_Ireland_logo_2017.svg/375px-Labour_Party_Ireland_logo_2017.svg.png
121,140,IRL,Ireland,SF,Sinn Fein,Sinn F�in,Communist/Socialist,2.7935,4.5005,37.0,https://europeelects.eu/wp-content/uploads/2021/02/sf-1.png
122,142,ITA,Italy,+EU,More Europe,+Europa,Liberal,6.0,3.6,3.0,https://upload.wikimedia.org/wikipedia/commons/3/3b/Pi%C3%B9_Europa_Logo.png
123,144,ITA,Italy,FI-PdL,Go Italy -- The People of Freedom,Forza Italia � Il Popolo della Libert�,Conservative,7.1459,6.5983,104.0,https://upload.wikimedia.org/wikipedia/commons/thumb/3/37/Il_Popolo_della_Libert%C3%A0.svg/360px-Il_Popolo_della_Libert%C3%A0.svg.png
124,145,ITA,Italy,FdI-CN,Brothers of Italy -- National Centre-right,Fratelli d'Italia � Centrodestra Nazionale,Conservative,7.4,7.0,32.0,https://upload.wikimedia.org/wikipedia/en/thumb/9/94/Brothers_of_Italy.svg/360px-Brothers_of_Italy.svg.png
125,147,ITA,Italy,LN,North League,Lega Nord,Right-wing,7.8007,7.9003,125.0,https://upload.wikimedia.org/wikipedia/en/thumb/3/30/League_-_Salvini_premier.svg/360px-League_-_Salvini_premier.svg.png
126,148,ITA,Italy,M5S,Five Star Movement,Movimento 5 Stelle,no family,5.0,5.0,227.0,https://upload.wikimedia.org/wikipedia/commons/thumb/2/2d/Five_Star_Movement.svg/360px-Five_Star_Movement.svg.png
127,150,ITA,Italy,PD,Democratic Party,Partito Democratico,Social democracy,2.6216,2.0943,112.0,https://upload.wikimedia.org/wikipedia/en/thumb/e/e1/Partito_Democratico_Logo.svg/400px-Partito_Democratico_Logo.svg.png
128,152,ITA,Italy,LeU,Left,Free and Equal,Communist/Socialist,1.3,3.0,14.0,https://upload.wikimedia.org/wikipedia/commons/thumb/b/b5/Free_and_Equal_%28Italy%29_logo.svg/1200px-Free_and_Equal_%28Italy%29_logo.svg.png
129,153,ITA,Italy,SVP,South Tyrol Peoples Party,S�dtiroler Volkspartei,Special issue,5.4,6.9,4.0,https://upload.wikimedia.org/wikipedia/en/d/d0/Suedtiroler_Volkspartei.png
130,154,ITA,Italy,USEI,South American Union Italian Emigrants,Unione Sudamericana Emigrati Italiani,Conservative,7.4,7.0,1.0,https://upload.wikimedia.org/wikipedia/en/f/f9/USEI_official_logo.png
131,156,LTU,Lithuania,DP,Labour Party,Darbo partija,Liberal,3.86,5.8,10.0,https://upload.wikimedia.org/wikipedia/en/0/02/Labour_Party_%28Lithuania%29_logo.png
132,158,LTU,Lithuania,LLRA,Election Action of Lithuania's Poles,Lietuvos lenk? rinkim? akcija,Special issue,3.865,7.325,3.0,https://upload.wikimedia.org/wikipedia/en/f/f7/Electoral_Action_of_Poles_in_Lithuania_logo.png
133,159,LTU,Lithuania,LP,Freedom Party,Laisv?s partija,Liberal,6.0,3.6,11.0,https://upload.wikimedia.org/wikipedia/en/thumb/1/18/Freedom_Party_%28Lithuania%29_logo.svg/360px-Freedom_Party_%28Lithuania%29_logo.svg.png
134,160,LTU,Lithuania,LRLS,Liberals Movement of the Republic of Lithuania,Lietuvos Respublikos liberal? s?j?dis,Liberal,7.7562,2.8532,13.0,https://upload.wikimedia.org/wikipedia/en/thumb/2/2e/Liberal_Movement_%28Lithuania%29_logo.svg/360px-Liberal_Movement_%28Lithuania%29_logo.svg.png
135,162,LTU,Lithuania,LSDP,Lithuanian Social Democratic Party,Lietuvos socialdemokrat? partija,Social democracy,3.1972,5.2732,13.0,https://upload.wikimedia.org/wikipedia/en/thumb/3/3d/LSDP_logo.svg/270px-LSDP_logo.svg.png
136,163,LTU,Lithuania,LVLS,Lithuanian Peasant Union,Lietuvos valstie?i? s?junga,Agrarian,3.2687,5.8514,32.0,https://upload.wikimedia.org/wikipedia/en/thumb/5/5c/Lithuanian_Farmers_and_Greens_Union_logo.svg/1200px-Lithuanian_Farmers_and_Greens_Union_logo.svg.png
137,164,LTU,Lithuania,LZP,Lithuanian Green Party,Lietuvos �alioji partija,Green/Ecologist,2.5,1.8,1.0,https://upload.wikimedia.org/wikipedia/en/thumb/0/0b/Lithuanian_Green_Party_logo.svg/360px-Lithuanian_Green_Party_logo.svg.png
138,165,LTU,Lithuania,TS-LK,Homeland Union,T?vyn?s s?junga,Conservative,7.4004,7.1939,50.0,https://upload.wikimedia.org/wikipedia/en/thumb/b/b3/Homeland_Union_%E2%80%93_Lithuanian_Christian_Democrats.svg/1200px-Homeland_Union_%E2%80%93_Lithuanian_Christian_Democrats.svg.png
139,166,LUX,Luxembourg,AR|ADR,Action Committee Pensions | Alternative Democratic Reform Party,Aktiounskomitee Rente | Alternativ Demokratesch Reformpartei,Conservative,8.8158,7.5,3.0,https://upload.wikimedia.org/wikipedia/commons/c/cb/ADR.png
140,168,LUX,Luxembourg,CSV,Christian Social People's Party,Chr�schtlech Sozial Vollekspartei,Christian democracy,6.4474,7.5,23.0,https://upload.wikimedia.org/wikipedia/commons/thumb/3/3d/Logo_CSV.svg/500px-Logo_CSV.svg.png
141,169,LUX,Luxembourg,DL,The Left,D�i L�nk,Communist/Socialist,0.5263,1.0526,2.0,https://upload.wikimedia.org/wikipedia/commons/thumb/7/7a/Logo_D%C3%A9i_L%C3%A9nk.svg/280px-Logo_D%C3%A9i_L%C3%A9nk.svg.png
142,170,LUX,Luxembourg,DP,Democratic Party,Demokratesch Partei,Liberal,6.5789,2.7632,13.0,https://upload.wikimedia.org/wikipedia/commons/thumb/5/5d/Demokratesch_Partei_Logo.svg/300px-Demokratesch_Partei_Logo.svg.png
143,171,LUX,Luxembourg,Greng,The Greens,D�i Gr�ng,Green/Ecologist,2.5,0.7895,6.0,https://upload.wikimedia.org/wikipedia/commons/thumb/4/40/D%C3%A9i_Gr%C3%A9ng_Logo.svg/500px-D%C3%A9i_Gr%C3%A9ng_Logo.svg.png
144,173,LUX,Luxembourg,LSAP,Luxembourg Socialist Workers' Party,L�tzebuerger Sozialistesch Aarbechterpartei,Social democracy,3.2895,1.3158,13.0,https://upload.wikimedia.org/wikipedia/commons/thumb/c/c4/Logo_L%C3%ABtzebuergerSozialisteschArbechterpartei.svg/300px-Logo_L%C3%ABtzebuergerSozialisteschArbechterpartei.svg.png
145,175,LVA,Latvia,JKP,New Conservative Party,Jaun? konservat?v? partija,Conservative,7.4,7.0,16.0,https://upload.wikimedia.org/wikipedia/commons/thumb/e/e4/Jkp-logo-h140.png/438px-Jkp-logo-h140.png
146,176,LVA,Latvia,KP,Movement For!,Kust?ba Par!,Liberal,6.0,2.0,13.0,https://upload.wikimedia.org/wikipedia/en/thumb/4/43/Logo_of_the_Movement_For%21.svg/1200px-Logo_of_the_Movement_For%21.svg.png
147,177,LVA,Latvia,KPV-LV,Who owns the state?,Kam pieder valsts?,Right-wing,8.8,8.5,16.0,https://upload.wikimedia.org/wikipedia/commons/d/d9/KpvShareLogo.jpg
148,181,LVA,Latvia,NA/TB/LNNK,National Alliance / For Fatherland and Freedom / LNNK,Nacion?l? apvien?ba / T?vzemei un Br?v?bai / LNNK,Right-wing,8.2588,7.4251,13.0,https://upload.wikimedia.org/wikipedia/en/0/01/For_Fatherland_and_Freedom_logo.png
149,183,LVA,Latvia,S,Harmony,Saska?as,Social democracy,3.0,4.25,23.0,https://upload.wikimedia.org/wikipedia/commons/thumb/5/51/Logo_of_the_Social_Democratic_Party_%22Harmony%22.svg/300px-Logo_of_the_Social_Democratic_Party_%22Harmony%22.svg.png
150,184,LVA,Latvia,V,Unity,Vienot?ba,Conservative,7.4,7.0,8.0,https://upload.wikimedia.org/wikipedia/commons/thumb/2/29/New_logo_of_the_Unity_%28Latvia%29.svg/500px-New_logo_of_the_Unity_%28Latvia%29.svg.png
151,185,LVA,Latvia,ZZS,Green and Farmers' Union,Za?o un Zemnieku savien?ba,Agrarian,5.2632,6.1184,11.0,https://upload.wikimedia.org/wikipedia/commons/thumb/b/b1/Za%C4%BCo_un_Zemnieku_savien%C4%ABba_Logo.svg/360px-Za%C4%BCo_un_Zemnieku_savien%C4%ABba_Logo.svg.png
152,188,MLT,Malta,PL,Malta Labour Party,Partit Laburista,Social democracy,4.2105,6.3158,37.0,https://upload.wikimedia.org/wikipedia/en/thumb/2/21/Logo_of_the_Labour_Party_%28Malta%29.svg/486px-Logo_of_the_Labour_Party_%28Malta%29.svg.png
153,189,MLT,Malta,PN,Nationalist Party,Partit Nazzjonalista,Conservative,5.7143,6.9173,30.0,https://upload.wikimedia.org/wikipedia/en/thumb/4/40/Logo_of_the_Nationalist_Party_%28Malta%29.svg/360px-Logo_of_the_Nationalist_Party_%28Malta%29.svg.png
154,190,NLD,Netherlands,50+,50PLUS,50PLUS,Liberal,6.0,3.6,4.0,https://upload.wikimedia.org/wikipedia/commons/thumb/e/ec/50PLUS_%28nl%29_Logo.svg/1200px-50PLUS_%28nl%29_Logo.svg.png
155,191,NLD,Netherlands,CDA,Christian Democratic Appeal,Christen Democratisch App�l,Christian democracy,5.9376,6.6882,19.0,https://upload.wikimedia.org/wikipedia/commons/thumb/0/0a/CDA_logo_2021.svg/240px-CDA_logo_2021.svg.png
156,192,NLD,Netherlands,CU,ChristianUnion,ChristenUnie,Christian democracy,6.1732,8.6005,5.0,https://upload.wikimedia.org/wikipedia/commons/thumb/d/df/ChristenUnie_logo.svg/500px-ChristenUnie_logo.svg.png
157,193,NLD,Netherlands,D66,Democrats 66,Democraten 66,Liberal,4.5066,1.7625,19.0,https://upload.wikimedia.org/wikipedia/commons/thumb/e/e9/D66_logo_%282019%E2%80%93present%29.svg/300px-D66_logo_%282019%E2%80%93present%29.svg.png
158,194,NLD,Netherlands,DENK,Think,Beweging DENK,Liberal,6.0,3.6,3.0,https://upload.wikimedia.org/wikipedia/commons/thumb/7/78/DENK_logo_%282020%E2%80%93present%29.svg/400px-DENK_logo_%282020%E2%80%93present%29.svg.png
159,195,NLD,Netherlands,FvD,Forum for Democracy,Forum voor Democratie,Conservative,7.4,7.0,2.0,https://upload.wikimedia.org/wikipedia/commons/6/63/FvD_Logo.png
160,196,NLD,Netherlands,GL,GreenLeft,GroenLinks,Green/Ecologist,2.0454,1.644,14.0,https://upload.wikimedia.org/wikipedia/commons/thumb/f/f5/GroenLinks_logo_%281994%E2%80%93present%29.svg/500px-GroenLinks_logo_%281994%E2%80%93present%29.svg.png
161,197,NLD,Netherlands,PVV,Party for Freedom,Partij voor de Vrijheid,Right-wing,8.8,6.57,20.0,https://upload.wikimedia.org/wikipedia/commons/thumb/5/5b/PVV_logo_%282006%E2%80%93present%29.svg/560px-PVV_logo_%282006%E2%80%93present%29.svg.png
162,198,NLD,Netherlands,PvdA,Labour Party,Partij van de Arbeid,Social democracy,3.6118,3.2028,9.0,https://upload.wikimedia.org/wikipedia/commons/thumb/7/7b/PvdA_logo_%282018%E2%80%93present%29.svg/450px-PvdA_logo_%282018%E2%80%93present%29.svg.png
163,199,NLD,Netherlands,PvdD,Party for the Animals,Partij voor de Dieren,Special issue,3.0,3.0,5.0,https://upload.wikimedia.org/wikipedia/commons/thumb/9/9e/Party_for_the_Animals_logo.svg/400px-Party_for_the_Animals_logo.svg.png
164,200,NLD,Netherlands,SGP,Political Reformed Party,Staatkundig Gereformeerde Partij,Conservative,8.7531,9.7744,3.0,https://upload.wikimedia.org/wikipedia/commons/thumb/6/63/SGP_logo_%282016%E2%80%93present%29.svg/400px-SGP_logo_%282016%E2%80%93present%29.svg.png
165,201,NLD,Netherlands,SP,Socialist Party,Socialistiese Partij,Communist/Socialist,1.3682,4.2099,14.0,https://upload.wikimedia.org/wikipedia/commons/thumb/2/24/Socialistische_Partij_%28nl_2006%29_Logo.svg/300px-Socialistische_Partij_%28nl_2006%29_Logo.svg.png
166,203,NLD,Netherlands,VVD,People's Party for Freedom and Democracy,Volkspartij voor Vrijheid en Democratie,Liberal,7.3482,4.3887,33.0,https://upload.wikimedia.org/wikipedia/commons/thumb/7/7a/VVD_logo_%282020%E2%80%93present%29.svg/250px-VVD_logo_%282020%E2%80%93present%29.svg.png
168,207,POL,Poland,LR,Left Together,Lewica Razem,Social democracy,3.3,3.5,49.0,https://upload.wikimedia.org/wikipedia/commons/5/58/Lewica_razem.png
169,210,POL,Poland,PO,Civic Platform,Platforma Obywatelska,Conservative,6.2355,3.7102,134.0,https://upload.wikimedia.org/wikipedia/en/thumb/0/0a/Civic_Platform_basic_logo.svg/500px-Civic_Platform_basic_logo.svg.png
170,211,POL,Poland,PSL,Polish People's Party,Polskie Stronnictwo Ludowe,Agrarian,4.1856,6.5491,30.0,https://upload.wikimedia.org/wikipedia/commons/thumb/1/12/Polnische_Bauernpartei_%28PSL%29_Logo.svg/400px-Polnische_Bauernpartei_%28PSL%29_Logo.svg.png
171,213,POL,Poland,PiS,Law and Justice,Prawo i Sprawiedliwo??,Conservative,7.6997,8.2514,235.0,https://upload.wikimedia.org/wikipedia/en/thumb/1/19/Logo_PiS_jasne.svg/200px-Logo_PiS_jasne.svg.png
172,216,PRT,Portugal,BE,Bloc of the Left,Bloco de Esquerda,Communist/Socialist,2.0,1.5,19.0,https://upload.wikimedia.org/wikipedia/commons/thumb/3/38/LeftBloc.svg/320px-LeftBloc.svg.png
173,217,PRT,Portugal,CDS-PP,Democratic and Social Centre -- People's Party,Centro Democr�tico e Social � Partido Popular,Christian democracy,7.0,7.0,5.0,https://upload.wikimedia.org/wikipedia/commons/thumb/9/9c/CDS_%E2%80%93_People%27s_Party_logo.svg/280px-CDS_%E2%80%93_People%27s_Party_logo.svg.png
174,218,PRT,Portugal,CH,Enough,Chega,Right-wing,8.8,9.0,1.0,https://upload.wikimedia.org/wikipedia/commons/thumb/f/f7/Chega.png/360px-Chega.png
175,219,PRT,Portugal,IL,Liberal Initiative,Iniciativa Liberal,Liberal,8.0,2.0,1.0,https://upload.wikimedia.org/wikipedia/commons/thumb/0/00/Iniciativa_Liberal_logo_1.png/360px-Iniciativa_Liberal_logo_1.png
176,220,PRT,Portugal,PAN,Party for Animals and Nature,Partido pelos Animais e pela Natureza,Green/Ecologist,3.0,2.4,3.0,https://upload.wikimedia.org/wikipedia/en/thumb/0/08/People%E2%80%93Animals%E2%80%93Nature_logo.svg/360px-People%E2%80%93Animals%E2%80%93Nature_logo.svg.png
177,221,PRT,Portugal,PCP,Portuguese Communist Party,Partido Comunista Portugu�s,Communist/Socialist,1.0,8.0,10.0,https://upload.wikimedia.org/wikipedia/commons/thumb/2/27/Portuguese_Communist_Party_logo.svg/450px-Portuguese_Communist_Party_logo.svg.png
178,222,PRT,Portugal,PEV,Ecology Party -- Greens,Partido Ecologista � Os Verdes,Green/Ecologist,1.25,7.25,2.0,https://upload.wikimedia.org/wikipedia/commons/thumb/8/85/Partido_Ecologista_Os_Verdes.png/300px-Partido_Ecologista_Os_Verdes.png
179,223,PRT,Portugal,PS,Socialist Party,Partido Socialista,Social democracy,4.0492,3.5411,108.0,https://upload.wikimedia.org/wikipedia/commons/c/ce/Partido_Socialista_%28Portugal%29.png
180,224,PRT,Portugal,PSD,Social Democratic Party,Partido Social Democrata,Liberal Democracy,6.0,6.0,79.0,https://upload.wikimedia.org/wikipedia/commons/thumb/d/d1/Partido_Social_Democrata_Logo.svg/520px-Partido_Social_Democrata_Logo.svg.png
181,225,ROU,Romania,AUR,Alliance for the Unity of Romanians,Alian?a pentru Unirea Rom�nilor,Right-wing,8.8,8.5,33.0,https://upload.wikimedia.org/wikipedia/en/d/d7/AUR_party_logo.png
182,228,ROU,Romania,PNL,National Liberal Party,Partidul Na?ional Liberal,Liberal,6.0543,3.5474,93.0,https://upload.wikimedia.org/wikipedia/commons/thumb/2/24/National_Liberal_Party_Romania.png/360px-National_Liberal_Party_Romania.png
183,232,ROU,Romania,PSD,Social Democratic Party,Partidul Social Democrat,Social democracy,3.2325,6.2794,110.0,https://upload.wikimedia.org/wikipedia/en/thumb/0/0e/Social_Democratic_Party_Romania_logo_2019.svg/300px-Social_Democratic_Party_Romania_logo_2019.svg.png
184,234,ROU,Romania,UDMR,Democratic Union of Hungarians in Romania,Uniunea Democrat? Maghiar? din Rom�nia,Conservative,6.016,3.8813,21.0,https://upload.wikimedia.org/wikipedia/commons/thumb/1/1f/RMDSZlogo.png/300px-RMDSZlogo.png
185,235,ROU,Romania,USR,Save Romania Union,Uniunea Salva?i Rom�nia,Liberal,6.0,3.6,55.0,https://upload.wikimedia.org/wikipedia/commons/thumb/e/e2/Logo_USR.svg/270px-Logo_USR.svg.png
186,238,SVK,Slovakia,LsNS,People's Party Our Slovakia,?udov� strana Na�e Slovensko,Right-wing,8.8,8.5,17.0,https://upload.wikimedia.org/wikipedia/commons/thumb/d/dd/Logo_of_the_Kotlebists_%E2%80%93_People%27s_Party_Our_Slovakia.svg/1200px-Logo_of_the_Kotlebists_%E2%80%93_People%27s_Party_Our_Slovakia.svg.png
187,239,SVK,Slovakia,OLaNO,Ordinary People and Independent,Oby?ajn� ?udia a nez�visl� osobnosti,Conservative,7.4,7.0,53.0,https://upload.wikimedia.org/wikipedia/en/thumb/8/8e/Logo_of_Ordinary_People.svg/400px-Logo_of_Ordinary_People.svg.png
188,240,SVK,Slovakia,SR,We are family -- Boris Kollar,Sme Rodina � Boris Koll�r,Right-wing,8.8,8.5,17.0,https://upload.wikimedia.org/wikipedia/commons/thumb/5/55/Logo_of_the_Sme_Rodina.svg/360px-Logo_of_the_Sme_Rodina.svg.png
189,241,SVK,Slovakia,SaS,Freedom and Solidarity,Sloboda a solidarita,Liberal,6.0,3.6,13.0,https://upload.wikimedia.org/wikipedia/commons/thumb/7/71/Freiheit_und_Solidarit%C3%A4t_%28SaS%29_Logo.svg/300px-Freiheit_und_Solidarit%C3%A4t_%28SaS%29_Logo.svg.png
190,242,SVK,Slovakia,Smer,Direction -- Social Democracy,Smer � soci�lna demokracia,Social democracy,3.3799,3.6548,38.0,https://upload.wikimedia.org/wikipedia/commons/thumb/e/e6/SMER-SD_logo_2020.png/360px-SMER-SD_logo_2020.png
191,243,SVK,Slovakia,ZAL,For the People,Za ?ud�,Liberal,6.0,3.6,12.0,https://upload.wikimedia.org/wikipedia/commons/thumb/4/4c/Flag_of_the_For_the_People_%28political_party%29.svg/1200px-Flag_of_the_For_the_People_%28political_party%29.svg.png
192,245,SVN,Slovenia,DeSUS,Democratic Party of Pensioners of Slovenia,Demokrati?na stranka upokojencev Slovenije,Special issue,3.2292,5.0708,4.0,https://upload.wikimedia.org/wikipedia/en/thumb/0/0c/Democratic_Party_of_Pensioners_of_Slovenia_logo.png/360px-Democratic_Party_of_Pensioners_of_Slovenia_logo.png
193,247,SVN,Slovenia,L,The Left,Levica,Communist/Socialist,1.3,3.0,8.0,https://upload.wikimedia.org/wikipedia/commons/thumb/2/22/Logo_of_The_Left_%28Slovenia%29.svg/360px-Logo_of_The_Left_%28Slovenia%29.svg.png
194,249,SVN,Slovenia,LMS,List of Marjan Sarec,Lista Marjana �arca,Social democracy,3.3,3.5,14.0,https://upload.wikimedia.org/wikipedia/commons/7/73/LM%C5%A0_logo.png
195,250,SVN,Slovenia,NSI,New Slovenia -- Christian People's Party,Nova Slovenija � Kr�?anska ljudska stranka,Christian democracy,7.9345,8.3998,7.0,https://upload.wikimedia.org/wikipedia/commons/thumb/6/6c/Logo_nsi_small.png/360px-Logo_nsi_small.png
196,251,SVN,Slovenia,SDS,Slovenian Democratic Party,Slovenska demokratska stranka,Christian democracy,6.9996,6.7947,26.0,https://upload.wikimedia.org/wikipedia/commons/thumb/e/ef/SDS_logotype.svg/360px-SDS_logotype.svg.png
197,253,SVN,Slovenia,SMC,Party of Miro Cerar,Stranka Mira Cerarja,Social democracy,3.3,3.5,5.0,https://upload.wikimedia.org/wikipedia/commons/8/87/StrankaMiraCerarjalogo.png
198,255,SVN,Slovenia,SNS,Slovenian National Party,Slovenska nacionalna stranka,to be coded,4.7941,6.0148,3.0,https://upload.wikimedia.org/wikipedia/commons/thumb/1/1e/Logo_of_the_Slovenian_National_Party.png/450px-Logo_of_the_Slovenian_National_Party.png
199,256,SVN,Slovenia,ZL-SD,United List -- Social Democrats,Zdru�ena lista � Socialni demokrati,Social democracy,3.0637,2.9642,12.0,https://upload.wikimedia.org/wikipedia/commons/thumb/8/8f/Socialni_demokrati_Logo.svg/2000px-Socialni_demokrati_Logo.svg.png
200,258,SVN,Slovenia,ZaAB,Alliance of Alenka Bratusek,Zavezni�tvo Alenke Bratu�ek,Social democracy,3.3,3.5,5.0,https://upload.wikimedia.org/wikipedia/commons/b/bd/SAB-logo.png
201,259,SWE,Sweden,C,Centre Party,Centerpartiet,Agrarian,5.8084,6.0583,31.0,https://upload.wikimedia.org/wikipedia/en/thumb/d/d7/Centre_Party_%28Sweden%29_logo.svg/500px-Centre_Party_%28Sweden%29_logo.svg.png
202,260,SWE,Sweden,FP,People's Party,Folkpartiet,Liberal,6.2906,2.8515,20.0,https://upload.wikimedia.org/wikipedia/commons/thumb/0/05/Liberals_%28Sweden%29_logo.svg/360px-Liberals_%28Sweden%29_logo.svg.png
203,262,SWE,Sweden,KD,Christian Democrats,Kristdemokraterna,Christian democracy,7.195,7.9997,22.0,https://upload.wikimedia.org/wikipedia/commons/thumb/c/c1/Christian_Democrats_Sweden_logo_2017.svg/360px-Christian_Democrats_Sweden_logo_2017.svg.png
204,263,SWE,Sweden,M,Moderate Party,Moderaterna,Conservative,7.8907,5.6977,70.0,https://upload.wikimedia.org/wikipedia/en/thumb/7/7a/Moderate_Party_logo.svg/360px-Moderate_Party_logo.svg.png
205,264,SWE,Sweden,MP,Greens,Milj�partiet de Gr�na,Green/Ecologist,3.3789,2.5198,16.0,https://upload.wikimedia.org/wikipedia/en/thumb/9/95/Swedish_Green_Party_logo.svg/500px-Swedish_Green_Party_logo.svg.png
206,267,SWE,Sweden,SAP,Social Democrats,Socialdemokraterna,Social democracy,3.4447,4.4407,100.0,https://upload.wikimedia.org/wikipedia/commons/thumb/0/0d/S_v1.svg/300px-S_v1.svg.png
207,268,SWE,Sweden,SD,Sweden Democrats,Sverigedemokraterna,Right-wing,8.8,8.5,62.0,https://upload.wikimedia.org/wikipedia/en/thumb/7/7b/SD_political_logo.svg/480px-SD_political_logo.svg.png
208,270,SWE,Sweden,V,Left Party (Communists),V�nsterpartiet (kommunisterna),Communist/Socialist,1.5464,2.4562,28.0,https://upload.wikimedia.org/wikipedia/en/thumb/3/34/Left_Party_%28Sweden%29_logo.svg/360px-Left_Party_%28Sweden%29_logo.svg.png
